{
  "002_master_chef_can": {
    "bbox": {
      "min": [
        -0.051562000000000004,
        -0.051562,
        -0.07089759050000001
      ],
      "max": [
        0.051562000000000004,
        0.051562,
        0.07089759050000001
      ]
    },
    "scales": [
      0.7
    ],
    "density": 1000
  },
  "003_cracker_box": {
    "bbox": {
      "min": [
        -0.036188899999999996,
        -0.08202809999999999,
        -0.108566575
      ],
      "max": [
        0.036188899999999996,
        0.08202809999999999,
        0.108566575
      ]
    },
    "scales": [
      1.0
    ],
    "density": 50
  },
  "004_sugar_box": {
    "bbox": {
      "min": [
        -0.024393652247554666,
        -0.04760419636771808,
        -0.0889540458625458
      ],
      "max": [
        0.024393652247554666,
        0.04760419636771808,
        0.0889540458625458
      ]
    },
    "scales": [
      1.0
    ],
    "density": 50
  },
  "005_tomato_soup_can": {
    "bbox": {
      "min": [
        -0.034572799999999994,
        -0.034572649999999996,
        -0.051258729
      ],
      "max": [
        0.034572799999999994,
        0.034572649999999996,
        0.051258729
      ]
    },
    "scales": [
      1.0
    ],
    "density": 1000
  },
  "006_mustard_bottle": {
    "bbox": {
      "min": [
        -0.049510833687129274,
        -0.03014569373962708,
        -0.09776508246011102
      ],
      "max": [
        0.049510833687129274,
        0.03014569373962708,
        0.09776508246011102
      ]
    },
    "scales": [
      1.0
    ],
    "density": 1000
  },
  "007_tuna_fish_can": {
    "bbox": {
      "min": [
        -0.04346191931846137,
        -0.04341215383156351,
        -0.017236775
      ],
      "max": [
        0.04346191931846137,
        0.04341215383156351,
        0.017236775
      ]
    },
    "scales": [
      0.8
    ],
    "density": 1000
  },
  "008_pudding_box": {
    "bbox": {
      "min": [
        -0.05752102008757477,
        -0.04612653661475931,
        -0.02062462
      ],
      "max": [
        0.05752102008757477,
        0.04612653661475931,
        0.02062462
      ]
    },
    "scales": [
      0.8
    ],
    "density": 50
  },
  "009_gelatin_box": {
    "bbox": {
      "min": [
        -0.03749558475299899,
        -0.045428529776976825,
        -0.0153889025
      ],
      "max": [
        0.03749558475299899,
        0.045428529776976825,
        0.0153889025
      ]
    },
    "scales": [
      1.0
    ],
    "density": 50
  },
  "010_potted_meat_can": {
    "bbox": {
      "min": [
        -0.051958310961741846,
        -0.029540798473688012,
        -0.041813795
      ],
      "max": [
        0.051958310961741846,
        0.029540798473688012,
        0.041813795
      ]
    },
    "scales": [
      1.0
    ],
    "density": 1000
  },
  "011_banana": {
    "bbox": {
      "min": [
        -0.035197413333955506,
        -0.09939188526640796,
        -0.01887479572529618
      ],
      "max": [
        0.035197413333955506,
        0.09939188526640796,
        0.01887479572529618
      ]
    },
    "scales": [
      1.0
    ],
    "density": 1000
  },
  "012_strawberry": {
    "bbox": {
      "min": [
        -0.023844826346528094,
        -0.02184715651570614,
        -0.02357741839659523
      ],
      "max": [
        0.023844826346528094,
        0.02184715651570614,
        0.02357741839659523
      ]
    },
    "scales": [
      1.0
    ],
    "density": 1000
  },
  "013_apple": {
    "bbox": {
      "min": [
        -0.037938299999999994,
        -0.03794019999999999,
        -0.036133501
      ],
      "max": [
        0.037938299999999994,
        0.03794019999999999,
        0.036133501
      ]
    },
    "scales": [
      1.0
    ],
    "density": 1000
  },
  "014_lemon": {
    "bbox": {
      "min": [
        -0.0303731,
        -0.030187874999999996,
        -0.0266690125
      ],
      "max": [
        0.0303731,
        0.030187874999999996,
        0.0266690125
      ]
    },
    "scales": [
      1.0
    ],
    "density": 1000
  },
  "015_peach": {
    "bbox": {
      "min": [
        -0.02949139788298838,
        -0.032582191303017934,
        -0.03027944280235454
      ],
      "max": [
        0.02949139788298838,
        0.032582191303017934,
        0.03027944280235454
      ]
    },
    "scales": [
      1.0
    ],
    "density": 1000
  },
  "016_pear": {
    "bbox": {
      "min": [
        -0.0342237802266311,
        -0.0480652867886603,
        -0.032951822000000006
      ],
      "max": [
        0.0342237802266311,
        0.0480652867886603,
        0.032951822000000006
      ]
    },
    "scales": [
      1.0
    ],
    "density": 1000
  },
  "017_orange": {
    "bbox": {
      "min": [
        -0.0365055668389616,
        -0.03690387111352017,
        -0.036381210500000004
      ],
      "max": [
        0.0365055668389616,
        0.03690387111352017,
        0.036381210500000004
      ]
    },
    "scales": [
      1.0
    ],
    "density": 1000
  },
  "018_plum": {
    "bbox": {
      "min": [
        -0.028379089100676845,
        -0.026995702828101913,
        -0.026738322000000002
      ],
      "max": [
        0.028379089100676845,
        0.026995702828101913,
        0.026738322000000002
      ]
    },
    "scales": [
      1.0
    ],
    "density": 1000
  },
  "019_pitcher_base": {
    "bbox": {
      "min": [
        -0.07702212696264271,
        -0.0716204039901412,
        -0.1246580842640816
      ],
      "max": [
        0.07702212696264271,
        0.0716204039901412,
        0.1246580842640816
      ]
    },
    "scales": [
      1.0
    ],
    "density": 100
  },
  "021_bleach_cleanser": {
    "bbox": {
      "min": [
        -0.05187490137994528,
        -0.036072028558589306,
        -0.1286904144606002
      ],
      "max": [
        0.05187490137994528,
        0.036072028558589306,
        0.1286904144606002
      ]
    },
    "scales": [
      1.0
    ],
    "density": 1000
  },
  "022_windex_bottle": {
    "bbox": {
      "min": [
        -0.04151521436388359,
        -0.04798237891565291,
        -0.1362496104261501
      ],
      "max": [
        0.04151521436388359,
        0.04798237891565291,
        0.1362496104261501
      ]
    },
    "scales": [
      1.0
    ],
    "density": 1000
  },
  "024_bowl": {
    "bbox": {
      "min": [
        -0.08114159999999998,
        -0.08114179999999999,
        -0.0276618995
      ],
      "max": [
        0.08114159999999998,
        0.08114179999999999,
        0.0276618995
      ]
    },
    "scales": [
      1.0
    ],
    "density": 1000
  },
  "025_mug": {
    "bbox": {
      "min": [
        -0.05348770425037677,
        -0.0474542009570411,
        -0.0407278125
      ],
      "max": [
        0.05348770425037677,
        0.0474542009570411,
        0.0407278125
      ]
    },
    "scales": [
      1.0
    ],
    "density": 1000
  },
  "026_sponge": {
    "bbox": {
      "min": [
        -0.04051970975984446,
        -0.05611296178557336,
        -0.010180749257964982
      ],
      "max": [
        0.04051970975984446,
        0.05611296178557336,
        0.010180749257964982
      ]
    },
    "scales": [
      1.0
    ],
    "density": 1000
  },
  "028_skillet_lid": {
    "bbox": {
      "min": [
        -0.1349799746976832,
        -0.1348277583650351,
        -0.0386203162225734
      ],
      "max": [
        0.1349799746976832,
        0.1348277583650351,
        0.0386203162225734
      ]
    },
    "scales": [
      1.0
    ],
    "density": 1000
  },
  "029_plate": {
    "bbox": {
      "min": [
        -0.1315375500107061,
        -0.13186557519816253,
        -0.01466962
      ],
      "max": [
        0.1315375500107061,
        0.13186557519816253,
        0.01466962
      ]
    },
    "scales": [
      1.0
    ],
    "density": 1000
  },
  "030_fork": {
    "bbox": {
      "min": [
        -0.09916581272000465,
        -0.013423475875913944,
        -0.008128773180110412
      ],
      "max": [
        0.09916581272000465,
        0.013423475875913944,
        0.008128773180110412
      ]
    },
    "scales": [
      1.0
    ],
    "density": 1000
  },
  "031_spoon": {
    "bbox": {
      "min": [
        -0.09841385932751306,
        -0.02149460741545355,
        -0.010560306
      ],
      "max": [
        0.09841385932751306,
        0.02149460741545355,
        0.010560306
      ]
    },
    "scales": [
      1.0
    ],
    "density": 1000
  },
  "032_knife": {
    "bbox": {
      "min": [
        -0.10752079414860177,
        -0.010165462601062625,
        -0.008020236405345962
      ],
      "max": [
        0.10752079414860177,
        0.010165462601062625,
        0.008020236405345962
      ]
    },
    "scales": [
      1.0
    ],
    "density": 1000
  },
  "033_spatula": {
    "bbox": {
      "min": [
        -0.15680708564147158,
        -0.043058823324494996,
        -0.017096426192169386
      ],
      "max": [
        0.15680708564147158,
        0.043058823324494996,
        0.017096426192169386
      ]
    },
    "scales": [
      1.0
    ],
    "density": 1000
  },
  "035_power_drill": {
    "bbox": {
      "min": [
        -0.09376641077457169,
        -0.09524808821387423,
        -0.029806990000000002
      ],
      "max": [
        0.09376641077457169,
        0.09524808821387423,
        0.029806990000000002
      ]
    },
    "scales": [
      1.0
    ],
    "density": 1000
  },
  "036_wood_block": {
    "bbox": {
      "min": [
        -0.047224357212664464,
        -0.04639232381095168,
        -0.10508170677509057
      ],
      "max": [
        0.047224357212664464,
        0.04639232381095168,
        0.10508170677509057
      ]
    },
    "scales": [
      0.8
    ],
    "density": 1000
  },
  "037_scissors": {
    "bbox": {
      "min": [
        -0.0446552982127317,
        -0.09976785661043625,
        -0.007988014
      ],
      "max": [
        0.0446552982127317,
        0.09976785661043625,
        0.007988014
      ]
    },
    "scales": [
      1.0
    ],
    "density": 1000
  },
  "038_padlock": {
    "bbox": {
      "min": [
        -0.027783623061999427,
        -0.03592507257553984,
        -0.014804589
      ],
      "max": [
        0.027783623061999427,
        0.03592507257553984,
        0.014804589
      ]
    },
    "scales": [
      1.0
    ],
    "density": 1000
  },
  "040_large_marker": {
    "bbox": {
      "min": [
        -0.009861610401204533,
        -0.061024446034682156,
        -0.009808582
      ],
      "max": [
        0.009861610401204533,
        0.061024446034682156,
        0.009808582
      ]
    },
    "scales": [
      1.0
    ],
    "density": 1000
  },
  "042_adjustable_wrench": {
    "bbox": {
      "min": [
        -0.029831917147177624,
        -0.10206743649765092,
        -0.00769642876890644
      ],
      "max": [
        0.029831917147177624,
        0.10206743649765092,
        0.00769642876890644
      ]
    },
    "scales": [
      1.0
    ],
    "density": 1000
  },
  "043_phillips_screwdriver": {
    "bbox": {
      "min": [
        -0.10894128134184025,
        -0.017736046950186657,
        -0.017866396141640116
      ],
      "max": [
        0.10894128134184025,
        0.017736046950186657,
        0.017866396141640116
      ]
    },
    "scales": [
      1.0
    ],
    "density": 1000
  },
  "044_flat_screwdriver": {
    "bbox": {
      "min": [
        -0.1086433551250087,
        -0.017979483769340367,
        -0.017559150026028852
      ],
      "max": [
        0.1086433551250087,
        0.017979483769340367,
        0.017559150026028852
      ]
    },
    "scales": [
      1.0
    ],
    "density": 1000
  },
  "048_hammer": {
    "bbox": {
      "min": [
        -0.06434576171450049,
        -0.16895918640277657,
        -0.016727712
      ],
      "max": [
        0.06434576171450049,
        0.16895918640277657,
        0.016727712
      ]
    },
    "scales": [
      1.0
    ],
    "density": 1000
  },
  "050_medium_clamp": {
    "bbox": {
      "min": [
        -0.04310379293136779,
        -0.039434286196153134,
        -0.013659795
      ],
      "max": [
        0.04310379293136779,
        0.039434286196153134,
        0.013659795
      ]
    },
    "scales": [
      1.0
    ],
    "density": 1000
  },
  "051_large_clamp": {
    "bbox": {
      "min": [
        -0.061889603349243136,
        -0.08319948663557925,
        -0.0192919711830127
      ],
      "max": [
        0.061889603349243136,
        0.08319948663557925,
        0.0192919711830127
      ]
    },
    "scales": [
      1.0
    ],
    "density": 1000
  },
  "052_extra_large_clamp": {
    "bbox": {
      "min": [
        -0.10278311085805511,
        -0.08408515894737287,
        -0.01899599
      ],
      "max": [
        0.10278311085805511,
        0.08408515894737287,
        0.01899599
      ]
    },
    "scales": [
      1.0
    ],
    "density": 1000
  },
  "053_mini_soccer_ball": {
    "bbox": {
      "min": [
        -0.06442147811322319,
        -0.06391890072231804,
        -0.06222656100881105
      ],
      "max": [
        0.06442147811322319,
        0.06391890072231804,
        0.06222656100881105
      ]
    },
    "scales": [
      0.5
    ],
    "density": 1000
  },
  "054_softball": {
    "bbox": {
      "min": [
        -0.0485912,
        -0.048591199999999994,
        -0.04746119049999999
      ],
      "max": [
        0.0485912,
        0.048591199999999994,
        0.04746119049999999
      ]
    },
    "scales": [
      0.7
    ],
    "density": 1000
  },
  "055_baseball": {
    "bbox": {
      "min": [
        -0.037018890893994336,
        -0.036766110988705865,
        -0.03693312393190592
      ],
      "max": [
        0.037018890893994336,
        0.036766110988705865,
        0.03693312393190592
      ]
    },
    "scales": [
      1.0
    ],
    "density": 1000
  },
  "056_tennis_ball": {
    "bbox": {
      "min": [
        -0.033860268334433744,
        -0.03398999521214633,
        -0.033261895
      ],
      "max": [
        0.033860268334433744,
        0.03398999521214633,
        0.033261895
      ]
    },
    "scales": [
      1.0
    ],
    "density": 1000
  },
  "057_racquetball": {
    "bbox": {
      "min": [
        -0.028340699999999996,
        -0.02834085,
        -0.0283407185
      ],
      "max": [
        0.028340699999999996,
        0.02834085,
        0.0283407185
      ]
    },
    "scales": [
      1.0
    ],
    "density": 1000
  },
  "058_golf_ball": {
    "bbox": {
      "min": [
        -0.02170647388050276,
        -0.02170648057358516,
        -0.021270076
      ],
      "max": [
        0.02170647388050276,
        0.02170648057358516,
        0.021270076
      ]
    },
    "scales": [
      1.0
    ],
    "density": 1000
  },
  "059_chain": {
    "bbox": {
      "min": [
        -0.1383521338430042,
        -0.13743102640571175,
        -0.013744232872271842
      ],
      "max": [
        0.1383521338430042,
        0.13743102640571175,
        0.013744232872271842
      ]
    },
    "scales": [
      1.0
    ],
    "density": 1000
  },
  "061_foam_brick": {
    "bbox": {
      "min": [
        -0.02652480968406117,
        -0.039205721719833345,
        -0.026036734721481644
      ],
      "max": [
        0.02652480968406117,
        0.039205721719833345,
        0.026036734721481644
      ]
    },
    "scales": [
      1.0
    ],
    "density": 1000
  },
  "062_dice": {
    "bbox": {
      "min": [
        -0.008620985979490348,
        -0.008505342270076576,
        -0.008914011
      ],
      "max": [
        0.008620985979490348,
        0.008505342270076576,
        0.008914011
      ]
    },
    "scales": [
      1.0
    ],
    "density": 1000
  },
  "063-a_marbles": {
    "bbox": {
      "min": [
        -0.03650788333849303,
        -0.03777477906097464,
        -0.036236627284427975
      ],
      "max": [
        0.03650788333849303,
        0.03777477906097464,
        0.036236627284427975
      ]
    },
    "scales": [
      1.0
    ],
    "density": 1000
  },
  "063-b_marbles": {
    "bbox": {
      "min": [
        -0.01752891,
        -0.0175289,
        -0.017528912499999993
      ],
      "max": [
        0.01752891,
        0.0175289,
        0.017528912499999993
      ]
    },
    "scales": [
      1.0
    ],
    "density": 1000
  },
  "065-a_cups": {
    "bbox": {
      "min": [
        -0.029690968653409505,
        -0.029382196996286664,
        -0.03153898
      ],
      "max": [
        0.029690968653409505,
        0.029382196996286664,
        0.03153898
      ]
    },
    "scales": [
      1.0
    ],
    "density": 1000
  },
  "065-b_cups": {
    "bbox": {
      "min": [
        -0.031109694999999996,
        -0.03110969999999999,
        -0.032665185
      ],
      "max": [
        0.031109694999999996,
        0.03110969999999999,
        0.032665185
      ]
    },
    "scales": [
      1.0
    ],
    "density": 1000
  },
  "065-c_cups": {
    "bbox": {
      "min": [
        -0.033165001242246486,
        -0.03388511954782044,
        -0.033855405
      ],
      "max": [
        0.033165001242246486,
        0.03388511954782044,
        0.033855405
      ]
    },
    "scales": [
      1.0
    ],
    "density": 1000
  },
  "065-d_cups": {
    "bbox": {
      "min": [
        -0.0357604,
        -0.0357604,
        -0.035760419999999994
      ],
      "max": [
        0.0357604,
        0.0357604,
        0.035760419999999994
      ]
    },
    "scales": [
      1.0
    ],
    "density": 1000
  },
  "065-e_cups": {
    "bbox": {
      "min": [
        -0.0379838,
        -0.0379839,
        -0.03617508
      ],
      "max": [
        0.0379838,
        0.0379839,
        0.03617508
      ]
    },
    "scales": [
      1.0
    ],
    "density": 1000
  },
  "065-f_cups": {
    "bbox": {
      "min": [
        -0.04043181,
        -0.041875800000000005,
        -0.0365811875
      ],
      "max": [
        0.04043181,
        0.041875800000000005,
        0.0365811875
      ]
    },
    "scales": [
      1.0
    ],
    "density": 1000
  },
  "065-g_cups": {
    "bbox": {
      "min": [
        -0.044522160961197446,
        -0.04452215888132521,
        -0.03733158
      ],
      "max": [
        0.044522160961197446,
        0.04452215888132521,
        0.03733158
      ]
    },
    "scales": [
      1.0
    ],
    "density": 1000
  },
  "065-h_cups": {
    "bbox": {
      "min": [
        -0.047138234134867674,
        -0.04713725233628871,
        -0.038886300000000006
      ],
      "max": [
        0.047138234134867674,
        0.04713725233628871,
        0.038886300000000006
      ]
    },
    "scales": [
      1.0
    ],
    "density": 1000
  },
  "065-i_cups": {
    "bbox": {
      "min": [
        -0.050481162097347085,
        -0.05048181504479908,
        -0.039162485
      ],
      "max": [
        0.050481162097347085,
        0.05048181504479908,
        0.039162485
      ]
    },
    "scales": [
      1.0
    ],
    "density": 1000
  },
  "065-j_cups": {
    "bbox": {
      "min": [
        -0.05179919999999999,
        -0.05179719999999999,
        -0.038548225
      ],
      "max": [
        0.05179919999999999,
        0.05179719999999999,
        0.038548225
      ]
    },
    "scales": [
      1.0
    ],
    "density": 1000
  },
  "070-a_colored_wood_blocks": {
    "bbox": {
      "min": [
        -0.0717033,
        -0.0717044,
        -0.083026322
      ],
      "max": [
        0.0717033,
        0.0717044,
        0.083026322
      ]
    },
    "scales": [
      0.5
    ],
    "density": 1000
  },
  "070-b_colored_wood_blocks": {
    "bbox": {
      "min": [
        -0.013296571280041814,
        -0.013243686803294569,
        -0.013318796432815772
      ],
      "max": [
        0.013296571280041814,
        0.013243686803294569,
        0.013318796432815772
      ]
    },
    "scales": [
      1.0
    ],
    "density": 1000
  },
  "071_nine_hole_peg_test": {
    "bbox": {
      "min": [
        -0.06739704741772215,
        -0.07806394266222738,
        -0.021691923015467688
      ],
      "max": [
        0.06739704741772215,
        0.07806394266222738,
        0.021691923015467688
      ]
    },
    "scales": [
      0.5
    ],
    "density": 1000
  },
  "072-a_toy_airplane": {
    "bbox": {
      "min": [
        -0.12878656809918868,
        -0.13588193653847447,
        -0.09064775810542858
      ],
      "max": [
        0.12878656809918868,
        0.13588193653847447,
        0.09064775810542858
      ]
    },
    "scales": [
      1.0
    ],
    "density": 200
  },
  "072-b_toy_airplane": {
    "bbox": {
      "min": [
        -0.07177423788264764,
        -0.07296634444139133,
        -0.030512331534833074
      ],
      "max": [
        0.07177423788264764,
        0.07296634444139133,
        0.030512331534833074
      ]
    },
    "scales": [
      1.0
    ],
    "density": 1000
  },
  "072-c_toy_airplane": {
    "bbox": {
      "min": [
        -0.015349999999999997,
        -0.015349999999999996,
        -0.0339316845
      ],
      "max": [
        0.015349999999999997,
        0.015349999999999996,
        0.0339316845
      ]
    },
    "scales": [
      1.0
    ],
    "density": 1000
  },
  "072-d_toy_airplane": {
    "bbox": {
      "min": [
        -0.015830759356397956,
        -0.015830792681232976,
        -0.033789281000000004
      ],
      "max": [
        0.015830759356397956,
        0.015830792681232976,
        0.033789281000000004
      ]
    },
    "scales": [
      1.0
    ],
    "density": 1000
  },
  "072-e_toy_airplane": {
    "bbox": {
      "min": [
        -0.01577577064579658,
        -0.015775919964181505,
        -0.033672111
      ],
      "max": [
        0.01577577064579658,
        0.015775919964181505,
        0.033672111
      ]
    },
    "scales": [
      1.0
    ],
    "density": 1000
  },
  "073-a_lego_duplo": {
    "bbox": {
      "min": [
        -0.0327359,
        -0.016367979999999997,
        -0.012470812500000001
      ],
      "max": [
        0.0327359,
        0.016367979999999997,
        0.012470812500000001
      ]
    },
    "scales": [
      1.0
    ],
    "density": 1000
  },
  "073-b_lego_duplo": {
    "bbox": {
      "min": [
        -0.01655984324706557,
        -0.01655987943835388,
        -0.022075725
      ],
      "max": [
        0.01655984324706557,
        0.01655987943835388,
        0.022075725
      ]
    },
    "scales": [
      1.0
    ],
    "density": 1000
  },
  "073-c_lego_duplo": {
    "bbox": {
      "min": [
        -0.01681441245662534,
        -0.03280635474819844,
        -0.012190477780702612
      ],
      "max": [
        0.01681441245662534,
        0.03280635474819844,
        0.012190477780702612
      ]
    },
    "scales": [
      1.0
    ],
    "density": 1000
  },
  "073-d_lego_duplo": {
    "bbox": {
      "min": [
        -0.016817825077143335,
        -0.024630541762385504,
        -0.02216740728579847
      ],
      "max": [
        0.016817825077143335,
        0.024630541762385504,
        0.02216740728579847
      ]
    },
    "scales": [
      1.0
    ],
    "density": 1000
  },
  "073-e_lego_duplo": {
    "bbox": {
      "min": [
        -0.017113889847174622,
        -0.048891652433114136,
        -0.022225915
      ],
      "max": [
        0.017113889847174622,
        0.048891652433114136,
        0.022225915
      ]
    },
    "scales": [
      1.0
    ],
    "density": 1000
  },
  "073-f_lego_duplo": {
    "bbox": {
      "min": [
        -0.017138146710996942,
        -0.017106963680557606,
        -0.02219265006879305
      ],
      "max": [
        0.017138146710996942,
        0.017106963680557606,
        0.02219265006879305
      ]
    },
    "scales": [
      1.0
    ],
    "density": 1000
  },
  "073-g_lego_duplo": {
    "bbox": {
      "min": [
        -0.06493085942671929,
        -0.15248684961513348,
        -0.030636595
      ],
      "max": [
        0.06493085942671929,
        0.15248684961513348,
        0.030636595
      ]
    },
    "scales": [
      0.5
    ],
    "density": 1000
  },
  "077_rubiks_cube": {
    "bbox": {
      "min": [
        -0.029589509940332805,
        -0.030184789620837427,
        -0.029140974
      ],
      "max": [
        0.029589509940332805,
        0.030184789620837427,
        0.029140974
      ]
    },
    "scales": [
      1.0
    ],
    "density": 1000
  }
}